{
  "experiment": "EXP-007",
  "description": "Long-context prefill scaling (800-4000 tokens), LRU cache task",
  "timestamp": "2026-04-27T03:30:15.022686",
  "model": "/models/Qwen2.5-7B-Instruct",
  "num_runs": 10,
  "task": "LRU cache bug analysis and repair",
  "phase1_timing": {
    "kv_prefix_baseline": {
      "len_tokens": 52,
      "mean_ms": 105.02749759471044,
      "std_ms": 0.4939372371151887
    },
    "standard_sweep": [
      {
        "target_len": 800,
        "actual_len": 800,
        "mean_ms": 934.4787392008584,
        "std_ms": 4.442344514850826,
        "runs_ms": [
          947.24256003974,
          931.8458879715763,
          931.8601599661633,
          933.7134719826281,
          932.0615680189803,
          935.277247976046,
          932.5758400373161,
          935.4267520247959,
          931.9765120162629,
          932.807391975075
        ],
        "speedup_vs_kv": 8.897467430928508
      },
      {
        "target_len": 1000,
        "actual_len": 1000,
        "mean_ms": 845.6930176005699,
        "std_ms": 2.0635890894172064,
        "runs_ms": [
          846.1888000019826,
          849.6814719983377,
          847.2792640095577,
          844.041760021355,
          847.4243839737028,
          842.7926079602912,
          842.631520004943,
          846.1335040046833,
          845.2982080052607,
          845.4586560255848
        ],
        "speedup_vs_kv": 8.052110513610504
      },
      {
        "target_len": 1200,
        "actual_len": 1200,
        "mean_ms": 1174.5627136027906,
        "std_ms": 2.7702158864254667,
        "runs_ms": [
          1173.753727984149,
          1174.3972160038538,
          1172.3427519900724,
          1182.0727360318415,
          1174.633823975455,
          1171.2219520122744,
          1175.7921919925138,
          1174.2712639970705,
          1173.5635520308279,
          1173.5779200098477
        ],
        "speedup_vs_kv": 11.183382833087187
      },
      {
        "target_len": 1500,
        "actual_len": 1500,
        "mean_ms": 2023.4326592064463,
        "std_ms": 5.422382939002106,
        "runs_ms": [
          2017.061664024368,
          2037.2304000193253,
          2019.756191992201,
          2022.1623679972254,
          2023.085311986506,
          2025.2735679969192,
          2027.9289279715158,
          2020.470944000408,
          2021.037568047177,
          2020.319648028817
        ],
        "speedup_vs_kv": 19.265741882327333
      },
      {
        "target_len": 2000,
        "actual_len": 2000,
        "mean_ms": 2512.9598975996487,
        "std_ms": 5.215581943480497,
        "runs_ms": [
          2512.4322560150176,
          2524.7882560361177,
          2514.2733120010234,
          2511.6116480203345,
          2505.9155839844607,
          2519.710431981366,
          2509.1590079828165,
          2511.5306559600867,
          2510.3388800052926,
          2509.838944009971
        ],
        "speedup_vs_kv": 23.926685440958373
      },
      {
        "target_len": 2500,
        "actual_len": 2500,
        "mean_ms": 4191.019788791891,
        "std_ms": 7.027283608184025,
        "runs_ms": [
          4199.128640000708,
          4181.541119993199,
          4196.747711976059,
          4183.311807981227,
          4189.65766398469,
          4200.004640035331,
          4186.084607965313,
          4200.428479991388,
          4184.16723201517,
          4189.125983975828
        ],
        "speedup_vs_kv": 39.90402403915759
      },
      {
        "target_len": 3000,
        "actual_len": 3000,
        "mean_ms": 4606.339615996694,
        "std_ms": 7.991063575228077,
        "runs_ms": [
          4611.942719959188,
          4611.076031986158,
          4611.766688001808,
          4602.976095979102,
          4609.0472000068985,
          4584.292031999212,
          4603.680639993399,
          4606.761919974815,
          4610.144352016505,
          4611.708480049856
        ],
        "speedup_vs_kv": 43.858415381579896
      },
      {
        "target_len": 4000,
        "actual_len": 4000,
        "mean_ms": 6965.594566392247,
        "std_ms": 8.847881872920748,
        "runs_ms": [
          6964.151455962565,
          6971.076959976926,
          6962.77183998609,
          6963.08998396853,
          6968.770047998987,
          6983.140128024388,
          6958.520159998443,
          6973.344544006977,
          6962.829056021292,
          6948.251487978268
        ],
        "speedup_vs_kv": 66.32162743962262
      }
    ],
    "power_law_exponent": 1.3813024041209185
  },
  "phase2_quality": {
    "agent_a_output_tokens": 1553,
    "standard_prefill_ms": 2109.4990719575435,
    "standard_quality": "0/19",
    "kv_prefill_ms": 106.27158399438486,
    "kv_quality": "0/19",
    "speedup": 19.850076498991534
  }
}