{
  "experiment": "EXP-004",
  "timestamp": "2026-04-26T15:47:30.990123",
  "model": "/models/Qwen2.5-7B-Instruct",
  "architecture": {
    "num_layers": 28,
    "num_kv_heads": 4,
    "head_dim": 128,
    "hidden_size": 3584
  },
  "part1_prefill": {
    "std_input_tokens": 558,
    "kv_prefix_tokens": 41,
    "agent_a_output_tokens": 512,
    "kv_payload_size_mb": 28.0,
    "standard_prefill_ms": [
      681.2186239985749,
      681.9250559783541,
      682.5625600176863,
      682.1244480088353,
      681.4980800263584,
      682.1407040115446,
      682.1799359750003,
      681.9419200182892,
      682.1460799546912,
      694.3326079635881,
      681.9807679858059,
      681.2346880324185,
      682.2767360135913,
      681.487936002668,
      681.3233920256607,
      681.7966079688631,
      681.8915840121917,
      681.8075199844316,
      680.8195519843139,
      681.9955840473995
    ],
    "kv_prefill_ms": [
      101.33119998499751,
      101.29603196401149,
      101.29132802831009,
      101.28387197619304,
      101.28665599040687,
      101.24796797754243,
      101.32361599244177,
      101.34585603373125,
      101.31663997890428,
      101.28697601612657,
      101.3649600208737,
      101.27468797145411,
      101.23168001882732,
      101.26192000461742,
      101.33183997822925,
      101.28003195859492,
      101.31040000123903,
      101.29513597348705,
      101.27263999311253,
      101.2399360188283
    ],
    "kv_clone_us": [
      1520.3520306386054,
      1433.408004231751,
      1389.3760042265058,
      1461.056002881378,
      1424.9280211515725,
      1466.6880015283823,
      1438.111998140812,
      1492.1600231900811,
      1463.9680157415569,
      1398.3040116727352,
      1481.9519710727036,
      1457.0560306310654,
      1407.6479710638523,
      1400.447974447161,
      1421.1839879862964,
      1438.5600225068629,
      1474.655990023166,
      1458.3999873138964,
      1498.9119954407215,
      1373.3759988099337
    ],
    "summary": {
      "std_mean_ms": 682.4342192005133,
      "std_std_ms": 2.7610282579369,
      "kv_mean_ms": 101.29366879409645,
      "kv_std_ms": 0.03420087838691914,
      "clone_mean_us": 1445.027202134952,
      "speedup": 6.737185327818699
    }
  },
  "part2_quality": {
    "standard": {
      "passed": 5,
      "total": 6
    },
    "kv_cache": {
      "passed": 6,
      "total": 6
    }
  }
}