{
  "metadata": {
    "timestamp": "2026-04-26T14:41:38.437112",
    "model": "/models/Qwen2.5-3B-Instruct",
    "device": "cuda",
    "dtype": "torch.bfloat16",
    "num_timed_runs": 20,
    "strict_rope_reindex": true
  },
  "experiment_1": {
    "standard_prefill_ms": [
      303.58915199758485,
      310.51823997404426,
      300.69612798979506,
      300.5416320520453,
      300.6213440094143,
      300.50230398774147,
      300.3851199755445,
      300.4137920215726,
      300.44793599518016,
      300.5302079836838,
      300.63465604325756,
      301.1934719979763,
      300.45942397555336,
      300.5088639911264,
      300.43907201616094,
      300.3910080296919,
      300.58854405069724,
      300.45731202699244,
      300.46796798706055,
      300.4327680100687
    ],
    "kv_prefill_ms": [
      93.44640001654625,
      93.45903998473659,
      93.47507200436667,
      93.2098560151644,
      93.37760001653805,
      93.50876801181585,
      93.5765759786591,
      93.23084802599624,
      93.58528000302613,
      93.69718399830163,
      93.58339197933674,
      93.32927997456864,
      93.5279680415988,
      93.38316798675805,
      93.49935996579006,
      93.72777596581727,
      93.43484800774604,
      93.49699201993644,
      93.4962879982777,
      93.54227199219167
    ],
    "kv_clone_us": [
      1949.1520361043513,
      1956.5440015867352,
      1929.1199860163033,
      1951.6799948178232,
      1964.8000015877187,
      1913.7919880449772,
      1981.2480313703418,
      1941.4720009081066,
      1906.079996842891,
      1907.4879819527268,
      1996.5440151281655,
      1964.5759603008628,
      1945.9520117379725,
      1966.1440164782107,
      1873.5359772108495,
      1876.5759887173772,
      1912.5440157949924,
      1927.904027979821,
      1971.55203204602,
      1923.2960185036063
    ],
    "kv_payload_size_mb": 18.0,
    "std_input_tokens": 558,
    "kv_prefix_tokens": 41,
    "agent_a_output_tokens": 512,
    "summary": {
      "std_prefill_mean_ms": 301.1909472057596,
      "kv_prefill_mean_ms": 93.47939839935862,
      "kv_clone_mean_us": 1938.0000041564927,
      "speedup": 3.222003482724875
    }
  },
  "experiment_2": {
    "standard": {
      "passed": 6,
      "total": 6,
      "output": "```python\ndef binary_search(arr, target):\n    low, high = 0, len(arr) - 1\n    while low <= high:\n        mid = (low + high) // 2\n        if arr[mid] < target:\n            low = mid + 1\n        elif arr[mid] > target:\n            high = mid - 1\n        else:\n            return mid\n    return -1\n```",
      "code_extracted": true
    },
    "kv_cache": {
      "passed": 6,
      "total": 6,
      "output": "```python\ndef binary_search(arr, target):\n    low, high = 0, len(arr) - 1\n\n    while low <= high:\n        mid = (low + high) // 2\n        if arr[mid] < target:\n            low = mid + 1\n        elif arr[mid] > target:\n            high = mid - 1\n        else:\n            return mid\n    return -1\n```",
      "code_extracted": true
    }
  },
  "experiment_3": {
    "2": {
      "agent_keys": [
        "A",
        "B"
      ],
      "standard_prefill_ms": [
        101.15043196128681,
        301.92351998994127
      ],
      "kv_prefill_ms": [
        99.08953600097448,
        94.91167997475713
      ],
      "standard_e2e_ms": 55912.76691202074,
      "kv_e2e_ms": 55992.86348797614,
      "kv_payload_sizes_mb": [
        18.0
      ]
    },
    "3": {
      "agent_keys": [
        "A",
        "B",
        "C"
      ],
      "standard_prefill_ms": [
        99.26246403483674,
        301.9111680332571,
        345.9282559924759
      ],
      "kv_prefill_ms": [
        99.14838400436565,
        94.92358402349055,
        95.03279998898506
      ],
      "standard_e2e_ms": 70974.81193597196,
      "kv_e2e_ms": 64378.93449596595,
      "kv_payload_sizes_mb": [
        18.0,
        21.12890625
      ]
    },
    "4": {
      "agent_keys": [
        "A",
        "B",
        "C",
        "D"
      ],
      "standard_prefill_ms": [
        99.20521604362875,
        302.1018879953772,
        344.5981119875796,
        408.98854401893914
      ],
      "kv_prefill_ms": [
        98.95776002667844,
        95.03199998289347,
        94.96204799506813,
        96.6672640061006
      ],
      "standard_e2e_ms": 88571.44716801122,
      "kv_e2e_ms": 79738.04764798842,
      "kv_payload_sizes_mb": [
        18.0,
        21.12890625,
        24.2578125
      ]
    }
  }
}