{
  "metadata": {
    "timestamp": "2026-04-26T14:29:15.348417",
    "model": "/models/Qwen2.5-3B-Instruct",
    "device": "cuda",
    "dtype": "torch.bfloat16",
    "num_timed_runs": 20,
    "strict_rope_reindex": true
  },
  "experiment_1": {
    "standard_prefill_ms": [
      301.72515200683847,
      300.75987201416865,
      300.80268799792975,
      300.5080959992483,
      300.76048005139455,
      300.70710403379053,
      300.95526395598426,
      300.3094400046393,
      300.3155200276524,
      300.90979201486334,
      300.63107202295214,
      300.8263999945484,
      301.0205120081082,
      300.4915520432405,
      301.0469760047272,
      300.292800005991,
      300.3391999518499,
      300.704064022284,
      301.00108799524605,
      313.077888044063
    ],
    "kv_prefill_ms": [
      93.5265920124948,
      93.59087998745963,
      93.30780798336491,
      93.54239999083802,
      93.35516800638288,
      93.33897597389296,
      93.4588160016574,
      93.0796159664169,
      93.4398079989478,
      93.19929598132148,
      93.27478398336098,
      93.43705599894747,
      93.28646399080753,
      93.20518397726119,
      93.68409600574523,
      93.4390400070697,
      93.60364795429632,
      93.496032000985,
      93.2039680192247,
      93.23561599012464
    ],
    "kv_clone_us": [
      1890.4960015788674,
      1909.1839785687625,
      1776.7359968274832,
      1804.5119941234589,
      1869.1520090214908,
      1813.0880198441446,
      1943.1039690971375,
      1850.4320178180933,
      1828.3840036019683,
      1891.4880347438157,
      1871.8080245889723,
      1902.3679778911173,
      1867.6479812711477,
      1881.0239853337407,
      1782.9439602792263,
      1766.7519859969616,
      1805.504027288407,
      1801.5679670497775,
      1796.160009689629,
      1835.616014432162
    ],
    "kv_payload_size_mb": 18.0,
    "std_input_tokens": 558,
    "kv_prefix_tokens": 41,
    "agent_a_output_tokens": 512,
    "summary": {
      "std_prefill_mean_ms": 301.359248009976,
      "kv_prefill_mean_ms": 93.38526239152998,
      "kv_clone_mean_us": 1844.3983979523182,
      "speedup": 3.2270536088070063
    }
  },
  "experiment_2": {
    "standard": {
      "passed": 6,
      "total": 6,
      "output": "```python\ndef binary_search(arr, target):\n    low, high = 0, len(arr) - 1\n    while low <= high:\n        mid = (low + high) // 2\n        if arr[mid] < target:\n            low = mid + 1\n        elif arr[mid] > target:\n            high = mid - 1\n        else:\n            return mid\n    return -1\n```",
      "code_extracted": true
    },
    "kv_cache": {
      "passed": 6,
      "total": 6,
      "output": "```python\ndef binary_search(arr, target):\n    low, high = 0, len(arr) - 1\n\n    while low <= high:\n        mid = (low + high) // 2\n        if arr[mid] < target:\n            low = mid + 1\n        elif arr[mid] > target:\n            high = mid - 1\n        else:\n            return mid\n    return -1\n```",
      "code_extracted": true
    }
  },
  "experiment_3": {
    "2": {
      "agent_keys": [
        "A",
        "B"
      ],
      "standard_prefill_ms": [
        100.27187201194465,
        300.5775679484941
      ],
      "kv_prefill_ms": [
        98.80924801109359,
        94.21843197196722
      ],
      "standard_e2e_ms": 55462.313600000925,
      "kv_e2e_ms": 55525.665119988844,
      "kv_payload_sizes_mb": [
        18.0
      ]
    },
    "3": {
      "agent_keys": [
        "A",
        "B",
        "C"
      ],
      "standard_prefill_ms": [
        98.64262404153123,
        301.0672960081138,
        344.5665600011125
      ],
      "kv_prefill_ms": [
        98.67836796911433,
        94.41516798688099,
        94.46806396590546
      ],
      "standard_e2e_ms": 70452.74803199572,
      "kv_e2e_ms": 63883.40953597799,
      "kv_payload_sizes_mb": [
        18.0,
        21.12890625
      ]
    },
    "4": {
      "agent_keys": [
        "A",
        "B",
        "C",
        "D"
      ],
      "standard_prefill_ms": [
        98.58768002595752,
        301.7567999777384,
        344.76124797947705,
        408.13145600259304
      ],
      "kv_prefill_ms": [
        98.28588803065941,
        94.0411199699156,
        94.40144000109285,
        96.20038402499631
      ],
      "standard_e2e_ms": 88001.6201279941,
      "kv_e2e_ms": 79010.66723198164,
      "kv_payload_sizes_mb": [
        18.0,
        21.12890625,
        24.2578125
      ]
    }
  }
}